cons_12m,cons_gas_12m,cons_last_month,forecast_cons_12m,forecast_cons_year,forecast_discount_energy,forecast_meter_rent_12m,forecast_price_energy_off_peak,forecast_price_energy_peak,forecast_price_pow_off_peak,imp_cons,margin_gross_pow_ele,margin_net_pow_ele,nb_prod_act,net_margin,num_years_antig,pow_max,channel_sales_EWPAKWLLIWISIWDUIBDLFMALXOWMWPCI,channel_sales_FIXDBUFSEFWOOAASFCXDXADSIEKOCEAA,channel_sales_FOOSDFPFKUSACIMWKCSOSBICDXKICAUA,channel_sales_LMKEBAMCAACLUBFXADLMUECCXOIMLEMA,channel_sales_MISSING,channel_sales_SDDIEDCSLFSLKCKWLFKDPOEEAILFPEDS,channel_sales_USILXUPPASEMUBLLOPKAAFESMLIBMSDF,has_gas_T,origin_up_KAMKKXFXXUWBDSLKWIFMMCSIUSIUOSWS,origin_up_LDKSSXWPMEMIDMECEBUMCIEPIFCAMKCI,origin_up_LXIDPIDDSBXSBOSBOUDACOCKEIMPUEPW,origin_up_MISSING,origin_up_USAPBEPCFOLOEKILKWSDIBOSLWAXOBDP,probabilidade_churn,churn_previsto,empresa_id
-0.2516616711696386,-0.0765574538326651,-0.2272656433110219,-0.1658875694619034,0.0194714966599175,-0.1892530269069167,0.8228572283396435,-0.9185382111264412,1.0004569027303,-0.5625161693484346,-0.0358184289726009,-1.0541085517331117,-1.0540263238260437,0.9970484888207234,-0.0238448403401242,0.6218245047626424,-0.0601535971579852,-0.2551875553350332,-0.0117025117455975,1.0782255463000805,-0.380002350537273,-0.5850981613959241,-0.0274532833750583,-0.3223702932980303,2.123586356071657,-0.6452968838216846,-0.5241588861831313,1.028616886077239,-0.0663403741943506,-0.0117025117455975,0.082432136,0,4
-0.256929825337513,-0.1723802523529468,-0.2343505699655363,0.0642495397072829,-0.1209366382950366,5.683756274089738,-0.6967113101153156,2.469851608938304,-1.0296919276674366,0.7078555230821868,0.1422938668893134,0.3131353804644625,0.3132778968722828,0.9970484888207234,-0.3337033611533869,0.0013593649509772,-0.3646396864520141,-0.2551875553350332,-0.0117025117455975,1.0782255463000805,-0.380002350537273,-0.5850981613959241,-0.0274532833750583,-0.3223702932980303,-0.4709014997863624,-0.6452968838216846,-0.5241588861831313,1.028616886077239,-0.0663403741943506,-0.0117025117455975,0.035257917,0,7
-0.2653560818549473,-0.1723802523529468,-0.2499964496609221,-0.5439624836334678,-0.4310046029872271,-0.1892530269069167,-0.6743424873889049,0.1685781430630256,-1.0296919276674366,0.2633450686676674,-0.4475859340112636,-0.7160048461571387,-0.7159077095969565,-0.4118998691238864,-0.4587564998192508,0.6218245047626424,-0.5722606306199881,-0.2551875553350332,-0.0117025117455975,1.0782255463000805,-0.380002350537273,-0.5850981613959241,-0.0274532833750583,-0.3223702932980303,-0.4709014997863624,-0.6452968838216846,-0.5241588861831313,1.028616886077239,-0.0663403741943506,-0.0117025117455975,0.18596233,0,6
-0.239025774082443,-0.1723802523529468,-0.2499964496609221,0.5933240520708271,-0.4310046029872271,-0.1892530269069167,-0.6636114981079917,0.2320172937053821,-1.0296919276674366,0.2633450686676674,-0.4475859340112636,0.2567847628684672,0.2569247945007684,-0.4118998691238864,0.4120610862071331,0.6218245047626424,-0.3646396864520141,-0.2551875553350332,-0.0117025117455975,1.0782255463000805,-0.380002350537273,-0.5850981613959241,-0.0274532833750583,-0.3223702932980303,-0.4709014997863624,-0.6452968838216846,-0.5241588861831313,1.028616886077239,-0.0663403741943506,-0.0117025117455975,0.6793862,1,10
-0.2509170495775558,-0.1723802523529468,-0.2147582618266271,-0.1066831279639245,0.2673411208676766,-0.1892530269069167,1.037930436040201,-0.6868350392860815,1.0807875597293022,-0.5625161693484346,0.2225908739546929,0.108493663931637,0.1086271566809932,-0.4118998691238864,0.004604027060907,-0.6191057748606879,0.1230109297432276,-0.2551875553350332,-0.0117025117455975,1.0782255463000805,-0.380002350537273,-0.5850981613959241,-0.0274532833750583,-0.3223702932980303,-0.4709014997863624,-0.6452968838216846,1.9078184618444467,-0.9721792569570068,-0.0663403741943506,-0.0117025117455975,0.23203994,0,9
-0.2587277289942752,-0.1723802523529468,-0.229689434008619,-0.3023111891315652,-0.1942198315390697,-0.1892530269069167,-0.7443206287559874,0.2273466776209576,-1.0296919276674366,0.4856001621205537,-0.1218572139966869,-0.3423112768363266,-0.3421976622911231,-0.4118998691238864,-0.2954080424647382,0.0013593649509772,-0.4163602063515094,-0.2551875553350332,-0.0117025117455975,1.0782255463000805,-0.380002350537273,-0.5850981613959241,-0.0274532833750583,-0.3223702932980303,-0.4709014997863624,-0.6452968838216846,-0.5241588861831313,1.028616886077239,-0.0663403741943506,-0.0117025117455975,0.45995265,0,9
1.3209459982643137,-0.1723802523529468,0.7820256625601439,0.5560799138465591,-0.4310046029872271,-0.1892530269069167,-0.5482911485116984,1.0874304760544848,0.7274876608080745,0.2633450686676674,-0.4475859340112636,-0.0575923668776128,-0.0574661976771549,-0.4118998691238864,0.4725830848381885,0.6218245047626424,-0.5721128577059896,-0.2551875553350332,-0.0117025117455975,-0.9274497376096208,-0.380002350537273,1.7091149246037718,-0.0274532833750583,-0.3223702932980303,-0.4709014997863624,-0.6452968838216846,1.9078184618444467,-0.9721792569570068,-0.0663403741943506,-0.0117025117455975,0.03708535,0,10
-0.2731388597600196,-0.1723802523529468,-0.2499964496609221,-0.61829997409729,-0.4310046029872271,-0.1892530269069167,-0.6587749958968758,0.368155599053127,-1.0296919276674366,0.596727842601371,-0.4475859340112636,0.197468323293735,0.1976057393728582,-0.4118998691238864,-0.4318150695860305,0.6218245047626424,-0.4976353090507163,-0.2551875553350332,-0.0117025117455975,-0.9274497376096208,2.631562669510155,-0.5850981613959241,-0.0274532833750583,-0.3223702932980303,-0.4709014997863624,1.5496743050696815,-0.5241588861831313,-0.9721792569570068,-0.0663403741943506,-0.0117025117455975,0.16281204,0,4
9.717098528475857,-0.1723802523529468,11.732276994947464,0.2500388153723588,0.4850353125631866,-0.1892530269069167,1.2256471781091351,-0.8979468863020661,0.9859570050084692,-0.5625161693484346,0.3371627800592895,-0.4609441559857907,-0.4608357725469432,-0.4118998691238864,0.3289596031901406,0.0013593649509772,0.1230109297432276,-0.2551875553350332,-0.0117025117455975,-0.9274497376096208,2.631562669510155,-0.5850981613959241,-0.0274532833750583,-0.3223702932980303,-0.4709014997863624,-0.6452968838216846,-0.5241588861831313,1.028616886077239,-0.0663403741943506,-0.0117025117455975,0.015146134,0,1
2.449902194064064,2.3250198426625537,1.8752174156558217,2.4698053698371174,-0.4310046029872271,-0.1892530269069167,0.3759341958937199,1.0874304760544848,0.7274876608080745,0.2633450686676674,-0.4475859340112636,0.2567847628684672,0.2569247945007684,0.9970484888207234,0.3543615231243197,0.6218245047626424,-0.3646396864520141,-0.2551875553350332,-0.0117025117455975,-0.9274497376096208,2.631562669510155,-0.5850981613959241,-0.0274532833750583,-0.3223702932980303,2.123586356071657,1.5496743050696815,-0.5241588861831313,-0.9721792569570068,-0.0663403741943506,-0.0117025117455975,4.4282002e-05,0,2
-0.2766335240938231,-0.1723802523529468,-0.2486136459937033,-0.7145098093437402,-0.4036003836648785,-0.1892530269069167,-0.6809926779291892,5.511234960956768,-1.0296919276674366,3.597172808004704,-0.3760187730259582,8.971852647385974,8.972376969168952,-0.4118998691238864,-0.3617352778484279,-1.239570914672353,-0.316170170660487,-0.2551875553350332,-0.0117025117455975,1.0782255463000805,-0.380002350537273,-0.5850981613959241,-0.0274532833750583,-0.3223702932980303,-0.4709014997863624,-0.6452968838216846,-0.5241588861831313,1.028616886077239,-0.0663403741943506,-0.0117025117455975,0.9295531,1,8
-0.1128446753472376,-0.1723802523529468,-0.2499964496609221,-0.6818897746506903,-0.4310046029872271,-0.1892530269069167,-0.6868871649989866,0.2508622142547117,-1.0296919276674366,0.7078555230821868,-0.4475859340112636,0.1341974544140209,0.1343320805697543,-0.4118998691238864,-0.5482405359510181,0.0013593649509772,-0.316170170660487,-0.2551875553350332,-0.0117025117455975,-0.9274497376096208,-0.380002350537273,1.7091149246037718,-0.0274532833750583,-0.3223702932980303,-0.4709014997863624,-0.6452968838216846,1.9078184618444467,-0.9721792569570068,-0.0663403741943506,-0.0117025117455975,0.041838195,0,10
-0.260954618392612,-0.1723802523529468,-0.2473085279257665,-0.3066085896959038,-0.4310046029872271,-0.1892530269069167,-0.6758538943298786,0.4151866723206353,-1.0296919276674366,0.4856001621205537,-0.4475859340112636,-0.5588162812840987,-0.5587122135079948,-0.4118998691238864,-0.228695929506288,-0.6191057748606879,-0.5721128577059896,-0.2551875553350332,-0.0117025117455975,1.0782255463000805,-0.380002350537273,-0.5850981613959241,-0.0274532833750583,-0.3223702932980303,-0.4709014997863624,-0.6452968838216846,-0.5241588861831313,1.028616886077239,-0.0663403741943506,-0.0117025117455975,0.07203575,0,8
-0.2455756539416076,-0.1723802523529468,-0.2325482640621949,-0.4862994099792282,-0.0852187794029868,-0.1892530269069167,1.0938524928562283,-0.921096896459648,0.9742306460913772,-0.5625161693484346,-0.1329892324880565,-0.2755802823147532,-0.2754637252722244,-0.4118998691238864,-0.3527227279727911,0.6218245047626424,0.2223143279502585,-0.2551875553350332,-0.0117025117455975,1.0782255463000805,-0.380002350537273,-0.5850981613959241,-0.0274532833750583,-0.3223702932980303,-0.4709014997863624,1.5496743050696815,-0.5241588861831313,-0.9721792569570068,-0.0663403741943506,-0.0117025117455975,0.092511885,0,2
-0.2731876874054021,-0.1723802523529468,-0.2443409380331958,-0.6720384236493996,-0.3189244250845882,-0.1892530269069167,1.471553087405556,-0.6868350392860815,1.0807875597293022,-0.5625161693484346,-0.3416852844157339,1.2295743718940728,1.229757298598493,-0.4118998691238864,-0.5082453413071779,-1.239570914672353,0.1230109297432276,-0.2551875553350332,-0.0117025117455975,1.0782255463000805,-0.380002350537273,-0.5850981613959241,-0.0274532833750583,-0.3223702932980303,-0.4709014997863624,-0.6452968838216846,-0.5241588861831313,1.028616886077239,-0.0663403741943506,-0.0117025117455975,0.04438211,0,4
-0.2704638023308507,-0.1136814248270109,-0.2499964496609221,-0.5236943341882099,-0.4310046029872271,-0.1892530269069167,-0.7181732886771423,0.349310678503793,-1.0296919276674366,0.2633450686676674,-0.4475859340112636,-0.039797435005193,-0.0396704811387818,2.405996846765333,-0.4168048441703793,0.6218245047626424,-0.5721128577059896,-0.2551875553350332,-0.0117025117455975,-0.9274497376096208,-0.380002350537273,1.7091149246037718,-0.0274532833750583,-0.3223702932980303,2.123586356071657,1.5496743050696815,-0.5241588861831313,-0.9721792569570068,-0.0663403741943506,-0.0117025117455975,0.029536946,0,1
-0.2542198910187851,-0.1723802523529468,-0.2499964496609221,0.0426326933987531,-0.4310046029872271,-0.1892530269069167,-0.7142436306306107,0.1942056104479977,-1.0296919276674366,0.2633450686676674,-0.4475859340112636,0.3279644903581455,0.3281076606542603,-0.4118998691238864,-0.0470337142194316,-0.6191057748606879,-0.316170170660487,3.91868639004402,-0.0117025117455975,-0.9274497376096208,-0.380002350537273,-0.5850981613959241,-0.0274532833750583,-0.3223702932980303,-0.4709014997863624,-0.6452968838216846,1.9078184618444467,-0.9721792569570068,-0.0663403741943506,-0.0117025117455975,0.57166284,1,7
-0.2703783539514314,-0.1723802523529468,-0.2499964496609221,-0.6471796786695266,-0.4310046029872271,4.509154413890407,0.8335882176205567,1.4638009043532825,1.9615696732428616,-0.4513884888676189,-0.4475859340112636,2.208295624877152,2.2085217082090085,-0.4118998691238864,-0.2321277545479006,-0.6191057748606879,-0.0601535971579852,-0.2551875553350332,-0.0117025117455975,1.0782255463000805,-0.380002350537273,-0.5850981613959241,-0.0274532833750583,-0.3223702932980303,-0.4709014997863624,-0.6452968838216846,-0.5241588861831313,1.028616886077239,-0.0663403741943506,-0.0117025117455975,0.018044563,0,4
-0.2202689828776575,-0.158739494085107,-0.2499964496609221,1.2569331707955371,-0.4310046029872271,-0.1892530269069167,-0.723765494358745,0.2751494178937183,-1.0296919276674366,0.2633450686676674,-0.4475859340112636,-1.01456425868329,-1.0144802870741036,2.405996846765333,1.0040348693196877,-0.6191057748606879,-0.2316440638533118,-0.2551875553350332,-0.0117025117455975,1.0782255463000805,-0.380002350537273,-0.5850981613959241,-0.0274532833750583,-0.3223702932980303,2.123586356071657,-0.6452968838216846,-0.5241588861831313,1.028616886077239,-0.0663403741943506,-0.0117025117455975,0.04335943,0,8
-0.2773240865070897,-0.1723802523529468,-0.2499653754212094,-0.7706859656487203,-0.4303887778339159,-0.1892530269069167,-0.6750981908593917,0.368155599053127,-1.0296919276674366,0.7078555230821868,-0.4467070904461555,0.3259872757056545,0.3261303588166634,-0.4118998691238864,-0.5974086461266449,-1.239570914672353,-0.2316440638533118,-0.2551875553350332,-0.0117025117455975,1.0782255463000805,-0.380002350537273,-0.5850981613959241,-0.0274532833750583,-0.3223702932980303,-0.4709014997863624,-0.6452968838216846,-0.5241588861831313,1.028616886077239,-0.0663403741943506,-0.0117025117455975,0.03361955,0,9
-0.1431771061966276,-0.1723802523529468,-0.1145749129926173,0.2857457742524628,-0.4310046029872271,-0.1892530269069167,-0.8067417354182012,0.27884529670835,-1.0296919276674366,0.2633450686676674,-0.4475859340112636,0.3991442178478241,0.3992905268077524,-0.4118998691238864,0.1560533527290808,-0.6191057748606879,-0.2693261569229441,-0.2551875553350332,-0.0117025117455975,1.0782255463000805,-0.380002350537273,-0.5850981613959241,-0.0274532833750583,-0.3223702932980303,-0.4709014997863624,-0.6452968838216846,-0.5241588861831313,1.028616886077239,-0.0663403741943506,-0.0117025117455975,0.27357146,0,9
0.6002081001513843,-0.1723802523529468,0.3985540073845551,0.1929202466629186,0.3424717895716432,-0.1892530269069167,1.0610549622370988,-0.6868350392860815,1.0807875597293022,-0.5625161693484346,0.3090104911903257,0.713521347593904,0.7136815189856757,-0.4118998691238864,0.2577251787282572,0.0013593649509772,0.5811069631387576,-0.2551875553350332,-0.0117025117455975,-0.9274497376096208,2.631562669510155,-0.5850981613959241,-0.0274532833750583,-0.3223702932980303,-0.4709014997863624,1.5496743050696815,-0.5241588861831313,-0.9721792569570068,-0.0663403741943506,-0.0117025117455975,0.07636909,0,3
-0.2349835425825645,-0.1723802523529468,-0.2499964496609221,-0.4307724711084318,-0.4310046029872271,5.2922223206899615,-0.7065354552316448,2.5159079449360195,-1.0296919276674366,0.596727842601371,-0.4475859340112636,0.5672074633095648,0.5673611830034976,-0.4118998691238864,-0.3812357416362825,-1.239570914672353,-0.5721128577059896,-0.2551875553350332,-0.0117025117455975,-0.9274497376096208,-0.380002350537273,-0.5850981613959241,-0.0274532833750583,3.102022800455447,-0.4709014997863624,1.5496743050696815,-0.5241588861831313,-0.9721792569570068,-0.0663403741943506,-0.0117025117455975,0.06772845,0,5
-0.2650038252704023,-0.1723802523529468,-0.2499964496609221,-0.3354380322732358,-0.4310046029872271,5.683756274089738,-0.6758538943298786,2.470014065149936,-1.0296919276674366,0.7078555230821868,-0.4475859340112636,0.9092655981905198,0.9094344009077788,0.9970484888207234,-0.31122009616114,-1.239570914672353,-0.3646396864520141,-0.2551875553350332,-0.0117025117455975,1.0782255463000805,-0.380002350537273,-0.5850981613959241,-0.0274532833750583,-0.3223702932980303,-0.4709014997863624,-0.6452968838216846,-0.5241588861831313,1.028616886077239,-0.0663403741943506,-0.0117025117455975,0.21334296,0,6
0.2417643553985718,-0.1723802523529468,0.2099489094478235,-0.4198027907205149,-0.0987669327758333,-0.1892530269069167,-0.8088577051355643,0.1942056104479977,-1.0296919276674366,0.2633450686676674,0.0067761891496397,0.4199049716989804,0.4200521961025211,-0.4118998691238864,-0.3387709158877307,-1.239570914672353,-0.2693261569229441,3.91868639004402,-0.0117025117455975,-0.9274497376096208,-0.380002350537273,-0.5850981613959241,-0.0274532833750583,-0.3223702932980303,-0.4709014997863624,-0.6452968838216846,1.9078184618444467,-0.9721792569570068,-0.0663403741943506,-0.0117025117455975,0.92146164,1,6
-0.2556515873351787,-0.1723802523529468,-0.2499964496609221,-0.5310493394425749,-0.4310046029872271,-0.1892530269069167,-0.6998852646913605,0.23908413891138,-1.0296919276674366,0.2633450686676674,-0.4475859340112636,-0.2938695178502954,-0.2937537672699966,-0.4118998691238864,-0.4332262873601516,1.2422896445743077,-0.3646396864520141,-0.2551875553350332,-0.0117025117455975,1.0782255463000805,-0.380002350537273,-0.5850981613959241,-0.0274532833750583,-0.3223702932980303,-0.4709014997863624,-0.6452968838216846,-0.5241588861831313,1.028616886077239,-0.0663403741943506,-0.0117025117455975,0.43895283,0,10
0.1145212553762974,1.0118928309473434,0.0208776979154002,3.42211519879396,1.9938069381756327,-0.1892530269069167,0.999842981127664,-0.9260924249673368,0.9717834059695488,-0.5625161693484346,1.8466058979180069,0.3220328464006723,0.3221757551414693,0.9970484888207234,2.731012620400334,-1.239570914672353,0.9653165395350086,-0.2551875553350332,-0.0117025117455975,1.0782255463000805,-0.380002350537273,-0.5850981613959241,-0.0274532833750583,-0.3223702932980303,2.123586356071657,-0.6452968838216846,-0.5241588861831313,1.028616886077239,-0.0663403741943506,-0.0117025117455975,0.942873,1,8
-0.2607872093227292,-0.1723802523529468,-0.2499964496609221,-0.1803337044973847,-0.4310046029872271,-0.1892530269069167,-0.7561096028955822,0.3094276785481032,-1.0296919276674366,0.2633450686676674,-0.4475859340112636,-0.4253542922409515,-0.4252443394701972,-0.4118998691238864,-0.19136280475454,-0.6191057748606879,-0.3498623950521582,-0.2551875553350332,-0.0117025117455975,-0.9274497376096208,-0.380002350537273,-0.5850981613959241,-0.0274532833750583,3.102022800455447,-0.4709014997863624,-0.6452968838216846,-0.5241588861831313,1.028616886077239,-0.0663403741943506,-0.0117025117455975,0.1946655,0,6
-0.1903341485692392,0.0215173277214884,-0.1807941178205562,1.303915570532561,0.9404380134368208,-0.1892530269069167,1.005435186809267,-0.9962735083924316,0.936461573544499,-0.5625161693484346,0.8030963434941167,0.6640909812816272,0.6642489730457507,0.9970484888207234,1.2780997756802432,0.0013593649509772,0.9874824766347924,-0.2551875553350332,-0.0117025117455975,1.0782255463000805,-0.380002350537273,-0.5850981613959241,-0.0274532833750583,-0.3223702932980303,2.123586356071657,-0.6452968838216846,-0.5241588861831313,1.028616886077239,-0.0663403741943506,-0.0117025117455975,0.07926959,0,6
-0.254225122552219,-0.1723802523529468,-0.2404877323088108,-0.5894537775216565,-0.4310046029872271,-0.1892530269069167,-0.6803881151527997,0.349310678503793,-1.0296919276674366,0.2633450686676674,-0.4475859340112636,0.3170898097694447,0.3172325005474769,-0.4118998691238864,-0.461835520417333,0.0013593649509772,-0.2316440638533118,-0.2551875553350332,-0.0117025117455975,1.0782255463000805,-0.380002350537273,-0.5850981613959241,-0.0274532833750583,-0.3223702932980303,-0.4709014997863624,-0.6452968838216846,-0.5241588861831313,1.028616886077239,-0.0663403741943506,-0.0117025117455975,0.13111822,0,4
-0.2106359859814847,-0.0293823977988584,-0.2107962962632474,-0.0781552573560197,-0.1101596981120905,5.683756274089738,1.0433715010277067,0.8363950150299024,1.738381374132153,-0.4513884888676189,-0.0377225900303352,0.1277715067934248,0.1279058495975639,3.814945204709943,-0.2533922405534066,3.724150203820968,-0.2315701773963125,-0.2551875553350332,-0.0117025117455975,-0.9274497376096208,-0.380002350537273,1.7091149246037718,-0.0274532833750583,-0.3223702932980303,2.123586356071657,-0.6452968838216846,1.9078184618444467,-0.9721792569570068,-0.0663403741943506,-0.0117025117455975,0.2597498,0,7
-0.2752122908442972,-0.1723802523529468,-0.2499964496609221,-0.6955065867702468,-0.4310046029872271,-0.1892530269069167,-0.6883985719399603,0.1685781430630256,-1.0296919276674366,0.2633450686676674,-0.4475859340112636,-0.8287060813491295,-0.8286139143399855,-0.4118998691238864,-0.5610377153117976,0.6218245047626424,-0.5721128577059896,-0.2551875553350332,-0.0117025117455975,1.0782255463000805,-0.380002350537273,-0.5850981613959241,-0.0274532833750583,-0.3223702932980303,-0.4709014997863624,1.5496743050696815,-0.5241588861831313,-0.9721792569570068,-0.0663403741943506,-0.0117025117455975,0.3791773,0,8
-0.2352311684984329,-0.1723802523529468,-0.2499964496609221,-0.782669262933879,-0.4310046029872271,-0.1892530269069167,1.1466005950962102,-0.8953882009688638,1.0121832616473925,-0.4143468204031627,-0.4475859340112636,1.8425109141663043,1.842720868253564,-0.4118998691238864,-0.6070305854956521,0.6218245047626424,1.0983121621337109,-0.2551875553350332,-0.0117025117455975,1.0782255463000805,-0.380002350537273,-0.5850981613959241,-0.0274532833750583,-0.3223702932980303,-0.4709014997863624,1.5496743050696815,-0.5241588861831313,-0.9721792569570068,-0.0663403741943506,-0.0117025117455975,0.07765088,0,3
-0.1881595745052407,-0.1723802523529468,-0.2499964496609221,-0.5775793812254576,-0.4310046029872271,-0.1892530269069167,-0.7004898274677499,0.2508216002018036,-1.0296919276674366,0.7078555230821868,-0.4475859340112636,0.4228707936777168,0.4230181488589163,-0.4118998691238864,-0.4601677175933719,0.6218245047626424,-0.3646396864520141,-0.2551875553350332,-0.0117025117455975,1.0782255463000805,-0.380002350537273,-0.5850981613959241,-0.0274532833750583,-0.3223702932980303,-0.4709014997863624,1.5496743050696815,-0.5241588861831313,-0.9721792569570068,-0.0663403741943506,-0.0117025117455975,0.95452887,1,7
-0.1473326875875726,-0.1723802523529468,-0.2015827841884075,0.6727254385212822,-0.4310046029872271,-0.1892530269069167,1.0592412739079302,-0.8953882009688638,1.0121832616473925,-0.5625161693484346,-0.4475859340112636,-0.8909883429025988,-0.8908989222242915,-0.4118998691238864,0.6129351071007739,-1.239570914672353,1.2091418476326294,-0.2551875553350332,-0.0117025117455975,-0.9274497376096208,2.631562669510155,-0.5850981613959241,-0.0274532833750583,-0.3223702932980303,-0.4709014997863624,-0.6452968838216846,1.9078184618444467,-0.9721792569570068,-0.0663403741943506,-0.0117025117455975,0.06071621,0,3
-0.2670772563546799,-0.1723802523529468,-0.2430047457255461,-0.5713887788530478,-0.2924439434922065,-0.1892530269069167,1.037930436040201,-0.827440890453715,1.0213400184365649,-0.5625161693484346,-0.3164917688826342,0.781735253104846,0.7818984323827723,-0.4118998691238864,-0.4036548603660694,0.6218245047626424,0.1230109297432276,3.91868639004402,-0.0117025117455975,-0.9274497376096208,-0.380002350537273,-0.5850981613959241,-0.0274532833750583,-0.3223702932980303,-0.4709014997863624,1.5496743050696815,-0.5241588861831313,-0.9721792569570068,-0.0663403741943506,-0.0117025117455975,0.12132171,0,8
-0.2684357112029997,-0.1723802523529468,-0.2499964496609221,-0.4477317058891406,-0.4310046029872271,-0.1892530269069167,-0.7133367864660264,0.3822080613593078,-1.0296919276674366,0.2633450686676674,-0.4475859340112636,0.0729038001867977,0.0730357236042471,-0.4118998691238864,-0.3377125025571399,0.6218245047626424,-0.5721128577059896,-0.2551875553350332,-0.0117025117455975,-0.9274497376096208,-0.380002350537273,1.7091149246037718,-0.0274532833750583,-0.3223702932980303,-0.4709014997863624,1.5496743050696815,-0.5241588861831313,-0.9721792569570068,-0.0663403741943506,-0.0117025117455975,0.33082414,0,1
-0.2465434876268676,-0.1723802523529468,-0.2499964496609221,0.0267959765042459,-0.4310046029872271,-0.1892530269069167,-0.9367227323419396,1.0874304760544848,0.7274876608080745,0.2633450686676674,-0.4475859340112636,0.0560974756406236,0.0562286579846726,-0.4118998691238864,-0.0894664668367535,-1.239570914672353,-0.316170170660487,-0.2551875553350332,-0.0117025117455975,-0.9274497376096208,-0.380002350537273,-0.5850981613959241,36.425515532634286,-0.3223702932980303,-0.4709014997863624,-0.6452968838216846,1.9078184618444467,-0.9721792569570068,-0.0663403741943506,-0.0117025117455975,0.18763313,0,1
-0.1649490045037815,-0.1723802523529468,-0.1882830095913367,0.2942442398909062,0.1601875441915273,-0.1892530269069167,-0.7062331738434501,1.0639149394207308,0.728752068204352,0.2633450686676674,0.2430093394507052,0.1144253078891101,0.1145590621937841,-0.4118998691238864,0.0216027866128198,-0.6191057748606879,-0.2685872923529513,-0.2551875553350332,-0.0117025117455975,-0.9274497376096208,2.631562669510155,-0.5850981613959241,-0.0274532833750583,-0.3223702932980303,-0.4709014997863624,1.5496743050696815,-0.5241588861831313,-0.9721792569570068,-0.0663403741943506,-0.0117025117455975,0.035939034,0,6
-0.27667014482786,-0.1723802523529468,-0.2478834013604529,-0.7601853972132456,-0.3891284925620653,-0.1892530269069167,-0.7056286110670605,1.1579364719028438,0.7628910679038521,0.2633450686676674,-0.4113189895578014,0.0729038001867977,0.0730357236042471,-0.4118998691238864,-0.5793514732441414,0.6218245047626424,-0.5721128577059896,-0.2551875553350332,-0.0117025117455975,1.0782255463000805,-0.380002350537273,-0.5850981613959241,-0.0274532833750583,-0.3223702932980303,-0.4709014997863624,1.5496743050696815,-0.5241588861831313,-0.9721792569570068,-0.0663403741943506,-0.0117025117455975,0.16529904,0,10
-0.0132484856783166,-0.1723802523529468,-0.0415970610271483,0.8216014674285451,0.5441545272810621,-0.1892530269069167,-0.6773653012708523,0.13555891804879,-1.0296919276674366,0.2633450686676674,0.8705622345089175,-0.555850459305362,-0.5557462607515993,-0.4118998691238864,0.1904357494076666,-0.6191057748606879,-0.4163602063515094,-0.2551875553350332,-0.0117025117455975,1.0782255463000805,-0.380002350537273,-0.5850981613959241,-0.0274532833750583,-0.3223702932980303,-0.4709014997863624,-0.6452968838216846,-0.5241588861831313,1.028616886077239,-0.0663403741943506,-0.0117025117455975,0.20453781,0,9
-0.1165137241288357,-0.1723802523529468,-0.1148701182698887,2.4822326480772663,2.246911076186537,-0.1892530269069167,1.2294256954615694,-0.9449373455166667,0.9623411378328296,-0.5625161693484346,1.7177381364876512,1.2849363821638229,1.285121750051209,-0.4118998691238864,1.9608405201737664,-0.6191057748606879,3.388792329111361,-0.2551875553350332,-0.0117025117455975,1.0782255463000805,-0.380002350537273,-0.5850981613959241,-0.0274532833750583,-0.3223702932980303,-0.4709014997863624,-0.6452968838216846,-0.5241588861831313,1.028616886077239,-0.0663403741943506,-0.0117025117455975,0.27956846,0,4
-0.2770328644792727,-0.1723802523529468,-0.2499964496609221,-0.7613623655939272,-0.4310046029872271,-0.1892530269069167,-0.6616466690847259,0.13555891804879,-1.0296919276674366,0.2633450686676674,-0.4475859340112636,-0.5795770351352549,-0.5794738828027634,-0.4118998691238864,-0.5937843822976522,-0.6191057748606879,-0.8280555447514921,-0.2551875553350332,-0.0117025117455975,1.0782255463000805,-0.380002350537273,-0.5850981613959241,-0.0274532833750583,-0.3223702932980303,-0.4709014997863624,-0.6452968838216846,1.9078184618444467,-0.9721792569570068,-0.0663403741943506,-0.0117025117455975,0.11772785,0,6
-0.2727918347089084,-0.1723802523529468,-0.2499964496609221,-0.6077323896686093,-0.4310046029872271,-0.1892530269069167,-0.7062331738434501,0.2743371368355578,-1.0296919276674366,0.7078555230821868,-0.4475859340112636,0.0719151928605522,0.0720470726854486,-0.4118998691238864,-0.4965386484082192,0.6218245047626424,-0.3646396864520141,-0.2551875553350332,-0.0117025117455975,1.0782255463000805,-0.380002350537273,-0.5850981613959241,-0.0274532833750583,-0.3223702932980303,-0.4709014997863624,1.5496743050696815,-0.5241588861831313,-0.9721792569570068,-0.0663403741943506,-0.0117025117455975,0.14447701,0,5
0.8417026588352365,-0.0400716469678089,0.5627813642666092,2.19327225087146,0.8437534643669621,-0.1892530269069167,-0.9534993493867476,-0.9260924249673368,0.9717834059695488,-0.5625161693484346,0.7696124036634967,-0.5103745222980675,-0.5102683184868683,2.405996846765333,1.7422942039723817,-0.6191057748606879,0.85448685403609,-0.2551875553350332,-0.0117025117455975,1.0782255463000805,-0.380002350537273,-0.5850981613959241,-0.0274532833750583,-0.3223702932980303,2.123586356071657,-0.6452968838216846,-0.5241588861831313,1.028616886077239,-0.0663403741943506,-0.0117025117455975,0.02092228,0,1
-0.2746368221665751,-0.1723802523529468,-0.2499964496609221,-0.6725242896001435,-0.4310046029872271,-0.1892530269069167,-0.7505173972139795,0.3353800583563399,-1.0296919276674366,0.2633450686676674,-0.4475859340112636,0.2093316112086815,0.2094695503984403,0.9970484888207234,-0.516263624114684,0.6218245047626424,-0.4902466633507884,-0.2551875553350332,-0.0117025117455975,-0.9274497376096208,2.631562669510155,-0.5850981613959241,-0.0274532833750583,-0.3223702932980303,2.123586356071657,1.5496743050696815,-0.5241588861831313,-0.9721792569570068,-0.0663403741943506,-0.0117025117455975,0.08906997,0,6
-0.2649968498924905,-0.1723802523529468,-0.2392602998401559,-0.4648082186579598,-0.2182370125182066,-0.1892530269069167,0.8497602718889754,-0.8903926724611751,1.01463050176922,-0.4884328324195269,-0.2434891634076521,0.1594069412332819,0.1595426789991159,-0.4118998691238864,-0.27132112091099,-0.6191057748606879,-0.0099846928554746,-0.2551875553350332,-0.0117025117455975,1.0782255463000805,-0.380002350537273,-0.5850981613959241,-0.0274532833750583,-0.3223702932980303,-0.4709014997863624,-0.6452968838216846,-0.5241588861831313,1.028616886077239,-0.0663403741943506,-0.0117025117455975,0.50127655,0,9
-0.2117311203136347,-0.159623105956708,-0.1793802399136246,0.8455052345052317,0.9684580579124804,-0.1892530269069167,1.1783401408566585,-0.8976219738788059,0.9860385796791968,-0.5625161693484346,0.8869966091764395,0.7629517139061807,0.7631140649256007,0.9970484888207234,0.8014288993396254,-1.239570914672353,1.8852029291760328,-0.2551875553350332,-0.0117025117455975,1.0782255463000805,-0.380002350537273,-0.5850981613959241,-0.0274532833750583,-0.3223702932980303,2.123586356071657,-0.6452968838216846,-0.5241588861831313,1.028616886077239,-0.0663403741943506,-0.0117025117455975,0.1585874,0,3
-0.2673876606717542,-0.1723802523529468,-0.2499964496609221,-0.4129420284160445,-0.4310046029872271,-0.1892530269069167,-0.723765494358745,0.2743371368355578,-1.0296919276674366,0.4856001621205537,-0.4475859340112636,-0.4728074439007372,-0.4726995835725252,-0.4118998691238864,-0.340502864974152,0.6218245047626424,-0.3672995989039881,-0.2551875553350332,-0.0117025117455975,1.0782255463000805,-0.380002350537273,-0.5850981613959241,-0.0274532833750583,-0.3223702932980303,-0.4709014997863624,-0.6452968838216846,-0.5241588861831313,1.028616886077239,-0.0663403741943506,-0.0117025117455975,0.3454497,0,3
0.1364187104858634,-0.1723802523529468,-0.2391360028813048,1.7390169064229073,-0.4310046029872271,-0.1892530269069167,-0.6578681517322916,0.2984212702100206,-1.0296919276674366,0.2633450686676674,-0.4475859340112636,-1.075857912910513,-1.0757766440396106,-0.4118998691238864,1.0428112849767863,0.0013593649509772,-0.5721128577059896,-0.2551875553350332,-0.0117025117455975,-0.9274497376096208,2.631562669510155,-0.5850981613959241,-0.0274532833750583,-0.3223702932980303,-0.4709014997863624,-0.6452968838216846,1.9078184618444467,-0.9721792569570068,-0.0663403741943506,-0.0117025117455975,0.023445511,0,2
-0.2679491785936528,-0.0782633156403392,-0.2499964496609221,-0.4354677791324315,-0.4310046029872271,-0.1892530269069167,-0.9534993493867476,0.3094276785481032,-1.0296919276674366,0.2633450686676674,-0.4475859340112636,-0.511363129624313,-0.5112569694056668,0.9970484888207234,-0.3243059337029898,-0.6191057748606879,-0.4533034348511489,-0.2551875553350332,-0.0117025117455975,1.0782255463000805,-0.380002350537273,-0.5850981613959241,-0.0274532833750583,-0.3223702932980303,2.123586356071657,-0.6452968838216846,-0.5241588861831313,1.028616886077239,-0.0663403741943506,-0.0117025117455975,0.09865211,0,4
0.8882458679516112,-0.1723802523529468,1.2650591817754868,-0.3350233708152733,-0.231785165891053,-0.1892530269069167,0.527377171379285,0.342284447350702,-1.0296919276674366,0.2633450686676674,-0.1678207324518421,0.0491772243569048,0.0493081015530831,-0.4118998691238864,-0.2834768376471692,0.6218245047626424,-0.316170170660487,-0.2551875553350332,-0.0117025117455975,-0.9274497376096208,2.631562669510155,-0.5850981613959241,-0.0274532833750583,-0.3223702932980303,-0.4709014997863624,1.5496743050696815,-0.5241588861831313,-0.9721792569570068,-0.0663403741943506,-0.0117025117455975,0.074459404,0,10
-0.2653299241877782,-0.1723802523529468,-0.2499964496609221,-0.3403595192743058,-0.4310046029872271,-0.1892530269069167,-0.7231609315823554,0.3094276785481032,-1.0296919276674366,0.2633450686676674,-0.4475859340112636,-0.1010910892324163,-0.1009668381042889,-0.4118998691238864,-0.2644895439589949,0.6218245047626424,-0.3166134894024827,-0.2551875553350332,-0.0117025117455975,1.0782255463000805,-0.380002350537273,-0.5850981613959241,-0.0274532833750583,-0.3223702932980303,-0.4709014997863624,-0.6452968838216846,-0.5241588861831313,1.028616886077239,-0.0663403741943506,-0.0117025117455975,0.5042176,0,3
-0.239765164141092,-0.1491608959492105,-0.2499964496609221,0.1244927290999557,-0.4310046029872271,-0.1892530269069167,1.2114399528639823,-0.8505909006112932,1.0096340531871546,-0.5625161693484346,-0.4475859340112636,-0.205883465814443,-0.2057638354969301,0.9970484888207234,0.2424583682627657,-0.6191057748606879,0.6106615459384692,-0.2551875553350332,-0.0117025117455975,-0.9274497376096208,-0.380002350537273,-0.5850981613959241,-0.0274532833750583,3.102022800455447,2.123586356071657,-0.6452968838216846,-0.5241588861831313,1.028616886077239,-0.0663403741943506,-0.0117025117455975,0.12768954,0,2
-0.2206822740189307,-0.0763979128002927,-0.2127539733651527,0.6155691733156637,0.3070618432562491,-0.1892530269069167,0.995006478916548,-0.8437271256698385,1.038164794274132,-0.5625161693484346,0.2612599908194506,-1.1747186455350664,-1.174641735919461,2.405996846765333,0.7885675737163858,-0.6191057748606879,-0.0099846928554746,-0.2551875553350332,-0.0117025117455975,1.0782255463000805,-0.380002350537273,-0.5850981613959241,-0.0274532833750583,-0.3223702932980303,2.123586356071657,-0.6452968838216846,-0.5241588861831313,1.028616886077239,-0.0663403741943506,-0.0117025117455975,0.17552942,0,1
-0.2742793340485962,-0.1723802523529468,-0.2499964496609221,-0.6618352386837769,-0.4310046029872271,-0.1892530269069167,-0.5703576898499143,0.3094276785481032,-1.0296919276674366,0.2633450686676674,-0.4475859340112636,-0.108011340516135,-0.1078873945358785,-0.4118998691238864,-0.518893620875546,0.6218245047626424,-0.445914789151221,-0.2551875553350332,-0.0117025117455975,-0.9274497376096208,2.631562669510155,-0.5850981613959241,-0.0274532833750583,-0.3223702932980303,-0.4709014997863624,-0.6452968838216846,-0.5241588861831313,1.028616886077239,-0.0663403741943506,-0.0117025117455975,0.24495731,0,3
-0.196135919147365,-0.1723802523529468,-0.2499964496609221,-0.4274174829485535,-0.4310046029872271,-0.1892530269069167,-0.8490611297654648,0.3094276785481032,-1.0296919276674366,0.2633450686676674,-0.4475859340112636,-0.4372175801558979,-0.4371081504957791,-0.4118998691238864,-0.3566677231140841,0.6218245047626424,-0.3646396864520141,-0.2551875553350332,-0.0117025117455975,1.0782255463000805,-0.380002350537273,-0.5850981613959241,-0.0274532833750583,-0.3223702932980303,-0.4709014997863624,1.5496743050696815,-0.5241588861831313,-0.9721792569570068,-0.0663403741943506,-0.0117025117455975,0.030486876,0,10
-0.256349125126357,-0.1246897560607062,-0.2241737564596001,-0.0205131261996571,0.0807460994143822,-0.1892530269069167,-0.688700853328155,0.2954564443477375,-1.0296919276674366,0.2633450686676674,0.2611721064629398,-0.0575923668776128,-0.0574661976771549,2.405996846765333,-0.1121100974851505,-1.239570914672353,-0.5721128577059896,-0.2551875553350332,-0.0117025117455975,1.0782255463000805,-0.380002350537273,-0.5850981613959241,-0.0274532833750583,-0.3223702932980303,2.123586356071657,-0.6452968838216846,-0.5241588861831313,1.028616886077239,-0.0663403741943506,-0.0117025117455975,0.78554654,1,6
-0.1413129364497035,-0.1723802523529468,-0.1172317604880602,-0.0061423841565326,0.2476347159617181,-0.1892530269069167,1.044731767274583,-0.9185382111264412,1.0004569027303,-0.5625161693484346,0.1633861124519085,-0.1169088064523448,-0.1167852528050649,-0.4118998691238864,0.0927730648122433,0.6218245047626424,2.0736133945241946,-0.2551875553350332,-0.0117025117455975,-0.9274497376096208,-0.380002350537273,1.7091149246037718,-0.0274532833750583,-0.3223702932980303,-0.4709014997863624,1.5496743050696815,-0.5241588861831313,-0.9721792569570068,-0.0663403741943506,-0.0117025117455975,0.032636877,0,9
-0.2691454559055237,-0.1723802523529468,-0.2499964496609221,-0.4330258838799857,-0.4310046029872271,5.683756274089738,-0.5324213756314744,3.736035322399309,1.3505346021577875,0.596727842601371,-0.4475859340112636,0.3131353804644625,0.3132778968722828,0.9970484888207234,-0.4716498985737204,0.0013593649509772,-0.5721128577059896,-0.2551875553350332,-0.0117025117455975,1.0782255463000805,-0.380002350537273,-0.5850981613959241,-0.0274532833750583,-0.3223702932980303,-0.4709014997863624,-0.6452968838216846,-0.5241588861831313,1.028616886077239,-0.0663403741943506,-0.0117025117455975,0.014911658,0,5
-0.2264334731071961,-0.1723802523529468,-0.2231638436689347,0.4590910176790884,0.1007604168969962,-0.1892530269069167,1.0110273924908693,-0.8976219738788059,0.9860385796791968,-0.5625161693484346,0.0347234145200782,-0.6675630871711075,-0.6674638145758299,-0.4118998691238864,0.4758866173548809,-1.239570914672353,0.3594475921409205,-0.2551875553350332,-0.0117025117455975,1.0782255463000805,-0.380002350537273,-0.5850981613959241,-0.0274532833750583,-0.3223702932980303,-0.4709014997863624,-0.6452968838216846,-0.5241588861831313,1.028616886077239,-0.0663403741943506,-0.0117025117455975,0.37462932,0,3
-0.2697837029844518,-0.1723802523529468,-0.2499964496609221,-0.5611855938874252,-0.4310046029872271,-0.1892530269069167,-0.7051751889847684,0.99361201383692,0.6803171074598406,0.2633450686676674,-0.4475859340112636,0.4999821651248685,0.5001329205251995,-0.4118998691238864,-0.4275493431324373,0.6218245047626424,-0.316170170660487,-0.2551875553350332,-0.0117025117455975,-0.9274497376096208,-0.380002350537273,1.7091149246037718,-0.0274532833750583,-0.3223702932980303,-0.4709014997863624,1.5496743050696815,-0.5241588861831313,-0.9721792569570068,-0.0663403741943506,-0.0117025117455975,0.3289716,0,5
-0.265818200641603,-0.1723802523529468,-0.2499964496609221,-0.5102953240465732,-0.4310046029872271,-0.1892530269069167,0.8227060876455461,-0.8437271256698385,1.038164794274132,-0.4884328324195269,-0.4475859340112636,-0.1436012042609742,-0.1434788276126244,-0.4118998691238864,-0.2820976930042781,-0.6191057748606879,0.1957890898875174,-0.2551875553350332,-0.0117025117455975,1.0782255463000805,-0.380002350537273,-0.5850981613959241,-0.0274532833750583,-0.3223702932980303,-0.4709014997863624,-0.6452968838216846,-0.5241588861831313,1.028616886077239,-0.0663403741943506,-0.0117025117455975,0.61325055,1,5
-0.2549871825890814,-0.1723802523529468,-0.2293010060122092,-0.2491758835183101,-0.0208650508819662,-0.1892530269069167,0.9410492511237868,-0.827440890453715,1.0213400184365649,-0.5625161693484346,-0.0742824823388334,-0.3571403867300097,-0.3570274260731007,-0.4118998691238864,-0.0627495485221434,-0.6191057748606879,0.1230109297432276,-0.2551875553350332,-0.0117025117455975,1.0782255463000805,-0.380002350537273,-0.5850981613959241,-0.0274532833750583,-0.3223702932980303,-0.4709014997863624,-0.6452968838216846,-0.5241588861831313,1.028616886077239,-0.0663403741943506,-0.0117025117455975,0.31687897,0,5
-0.2609772883708253,-0.1723802523529468,-0.2499964496609221,-0.1811839699111866,-0.4310046029872271,-0.1892530269069167,-0.7316248104518082,0.368155599053127,-1.0296919276674366,0.4856001621205537,-0.4475859340112636,-0.4886251611206657,-0.4885179982733013,-0.4118998691238864,-0.1623366209913682,0.6218245047626424,-0.5721128577059896,-0.2551875553350332,-0.0117025117455975,-0.9274497376096208,-0.380002350537273,1.7091149246037718,-0.0274532833750583,-0.3223702932980303,-0.4709014997863624,1.5496743050696815,-0.5241588861831313,-0.9721792569570068,-0.0663403741943506,-0.0117025117455975,0.20480932,0,7
-0.2675759958753724,-0.1723802523529468,-0.2406586406272311,-0.6509158202907644,-0.3697300002327624,-0.1892530269069167,-0.7137902085483185,0.342284447350702,-1.0296919276674366,0.2633450686676674,-0.3616936229146957,-0.152498670197184,-0.1523766858818109,-0.4118998691238864,-0.5017024225362531,0.0013593649509772,-0.5721128577059896,-0.2551875553350332,-0.0117025117455975,1.0782255463000805,-0.380002350537273,-0.5850981613959241,-0.0274532833750583,-0.3223702932980303,-0.4709014997863624,-0.6452968838216846,-0.5241588861831313,1.028616886077239,-0.0663403741943506,-0.0117025117455975,0.1358542,0,5
-0.2663605362742441,-0.1723802523529468,-0.2350342032392175,-0.5146597406041179,-0.134484791667883,-0.1892530269069167,1.1449380474611397,-0.8278470309827913,1.0099807455377448,-0.5625161693484346,-0.173972637407599,0.6364099761467522,0.6365667473193926,-0.4118998691238864,-0.3773548927574496,0.6218245047626424,-0.2315701773963125,-0.2551875553350332,-0.0117025117455975,1.0782255463000805,-0.380002350537273,-0.5850981613959241,-0.0274532833750583,-0.3223702932980303,-0.4709014997863624,1.5496743050696815,-0.5241588861831313,-0.9721792569570068,-0.0663403741943506,-0.0117025117455975,0.7666799,1,7
-0.2750030295069438,-0.1723802523529468,-0.2480387725590168,-0.7210061721851527,-0.3922076183286213,-0.1892530269069167,1.034605340770059,-0.8278470309827913,1.0099807455377448,-0.5625161693484346,-0.4125200757634492,0.9151972421479928,0.9153663064205698,-0.4118998691238864,-0.5543665040159526,0.6218245047626424,-0.0653995356049339,-0.2551875553350332,-0.0117025117455975,-0.9274497376096208,-0.380002350537273,1.7091149246037718,-0.0274532833750583,-0.3223702932980303,-0.4709014997863624,1.5496743050696815,-0.5241588861831313,-0.9721792569570068,-0.0663403741943506,-0.0117025117455975,0.18501316,0,9
-0.2532520573335252,-0.1723802523529468,-0.2448536629884567,-0.2006311734396703,-0.3290855401142231,-0.1892530269069167,0.9410492511237868,-0.9185382111264412,1.0004569027303,-0.5625161693484346,-0.3562154980255217,-1.030381975903219,-1.0302987017748797,-0.4118998691238864,-0.0553406552080079,0.0013593649509772,0.1230109297432276,-0.2551875553350332,-0.0117025117455975,1.0782255463000805,-0.380002350537273,-0.5850981613959241,-0.0274532833750583,-0.3223702932980303,-0.4709014997863624,-0.6452968838216846,-0.5241588861831313,1.028616886077239,-0.0663403741943506,-0.0117025117455975,0.26573366,0,5
-0.11946430898552,-0.1723802523529468,-0.1491139304333747,-0.6499105803926736,-0.3595688852031276,-0.1892530269069167,1.034605340770059,-0.827440890453715,1.0213400184365649,-0.5625161693484346,-0.3809695917760673,-0.0417746496576842,-0.0416477829763789,-0.4118998691238864,-0.478898426231706,-1.239570914672353,-0.2315701773963125,-0.2551875553350332,-0.0117025117455975,1.0782255463000805,-0.380002350537273,-0.5850981613959241,-0.0274532833750583,-0.3223702932980303,-0.4709014997863624,-0.6452968838216846,1.9078184618444467,-0.9721792569570068,-0.0663403741943506,-0.0117025117455975,0.019770501,0,2
-0.2669830887528708,-0.1723802523529468,-0.2499964496609221,-0.5846788880057247,-0.4310046029872271,-0.1892530269069167,-0.7119765202191501,0.2319766796524741,-1.0296919276674366,0.2633450686676674,-0.4475859340112636,0.4999821651248685,0.5001329205251995,-0.4118998691238864,-0.4596224743624614,-1.239570914672353,-0.316170170660487,3.91868639004402,-0.0117025117455975,-0.9274497376096208,-0.380002350537273,-0.5850981613959241,-0.0274532833750583,-0.3223702932980303,-0.4709014997863624,-0.6452968838216846,1.9078184618444467,-0.9721792569570068,-0.0663403741943506,-0.0117025117455975,0.48703867,0,5
-0.2335902108446858,-0.1723802523529468,-0.214991318624473,-0.277494329147446,0.0708928969614029,-0.1892530269069167,1.0436737824159013,-0.827440890453715,1.0213400184365649,-0.5625161693484346,0.0179082076410094,0.3764062493441767,0.3765515556753869,-0.4118998691238864,-0.1518166339479203,0.6218245047626424,0.1230109297432276,-0.2551875553350332,-0.0117025117455975,1.0782255463000805,-0.380002350537273,-0.5850981613959241,-0.0274532833750583,-0.3223702932980303,-0.4709014997863624,1.5496743050696815,-0.5241588861831313,-0.9721792569570068,-0.0663403741943506,-0.0117025117455975,0.23926888,0,8
0.1339564020830038,1.028982129991848,0.0838185704536406,0.6353095718144237,0.3129121822127055,-0.1892530269069167,1.2171832992396825,-0.8979468863020661,0.9859570050084692,-0.5625161693484346,0.2433608768767484,-0.4283201142196881,-0.4282102922265927,0.9970484888207234,0.5857370918177134,0.6218245047626424,-0.2315701773963125,-0.2551875553350332,-0.0117025117455975,-0.9274497376096208,-0.380002350537273,1.7091149246037718,-0.0274532833750583,-0.3223702932980303,2.123586356071657,-0.6452968838216846,-0.5241588861831313,1.028616886077239,-0.0663403741943506,-0.0117025117455975,0.022462094,0,4
-0.2321497953059025,-0.1723802523529468,-0.2339932162088393,-0.0473404659799582,-0.4310046029872271,-0.1892530269069167,-0.6624023725552127,0.251593267207056,-1.0296919276674366,0.2633450686676674,-0.4475859340112636,-1.0313705832294642,-1.0312873526936783,-0.4118998691238864,-0.1763525793388887,0.0013593649509772,-0.316170170660487,-0.2551875553350332,-0.0117025117455975,-0.9274497376096208,-0.380002350537273,1.7091149246037718,-0.0274532833750583,-0.3223702932980303,-0.4709014997863624,-0.6452968838216846,1.9078184618444467,-0.9721792569570068,-0.0663403741943506,-0.0117025117455975,0.026686953,0,2
0.1063112355741284,-0.1723802523529468,0.3114839877093394,0.2009621658476457,0.2122247696463239,-0.1892530269069167,-0.4193681364466414,1.0874304760544848,0.7274876608080745,0.2633450686676674,0.2421012011000934,-0.2612454760841928,-0.261128286949646,-0.4118998691238864,-0.0411964043355673,0.6218245047626424,-0.5721128577059896,-0.2551875553350332,-0.0117025117455975,-0.9274497376096208,2.631562669510155,-0.5850981613959241,-0.0274532833750583,-0.3223702932980303,-0.4709014997863624,-0.6452968838216846,1.9078184618444467,-0.9721792569570068,-0.0663403741943506,-0.0117025117455975,0.12452171,0,10
-0.2651014805611673,-0.1723802523529468,-0.2499964496609221,-0.3265877326704604,-0.4310046029872271,-0.1892530269069167,-0.7195335549240186,0.3119051357754938,-1.0296919276674366,0.2633450686676674,-0.4475859340112636,0.4228707936777168,0.4230181488589163,-0.4118998691238864,-0.2483246858190627,0.6218245047626424,-0.3646396864520141,-0.2551875553350332,-0.0117025117455975,1.0782255463000805,-0.380002350537273,-0.5850981613959241,-0.0274532833750583,-0.3223702932980303,-0.4709014997863624,1.5496743050696815,-0.5241588861831313,-0.9721792569570068,-0.0663403741943506,-0.0117025117455975,0.54753226,1,3
-0.2384485615602429,-0.1723802523529468,-0.1940006696984886,0.6007125653217952,0.6787123232795598,-0.1892530269069167,-0.9534993493867476,0.2248286063406589,-1.0296919276674366,0.2633450686676674,1.0801371300017029,-0.6235700611531813,-0.6234688486892966,-0.4118998691238864,0.2113795041008723,0.6218245047626424,-0.316170170660487,-0.2551875553350332,-0.0117025117455975,1.0782255463000805,-0.380002350537273,-0.5850981613959241,-0.0274532833750583,-0.3223702932980303,-0.4709014997863624,1.5496743050696815,-0.5241588861831313,-0.9721792569570068,-0.0663403741943506,-0.0117025117455975,0.01268519,0,9
-0.2706887582685057,-0.1723802523529468,-0.2419326844554551,-0.5313509114120022,-0.27119797570297,-0.1892530269069167,-0.7075934400903263,0.3822080613593078,-1.0296919276674366,0.2633450686676674,-0.222250443917539,0.274085391077764,0.2742261855797421,-0.4118998691238864,-0.4072791241950621,-1.239570914672353,-0.3672995989039881,-0.2551875553350332,-0.0117025117455975,-0.9274497376096208,-0.380002350537273,-0.5850981613959241,-0.0274532833750583,3.102022800455447,-0.4709014997863624,-0.6452968838216846,-0.5241588861831313,1.028616886077239,-0.0663403741943506,-0.0117025117455975,0.23535807,0,9
-0.2242658744211094,-0.1723802523529468,-0.0968159849967623,1.116212150561537,2.6047054902603457,-0.1892530269069167,-0.8532930692001911,0.2984212702100206,-1.0296919276674366,0.2633450686676674,3.7643011465549545,-0.7397314219870315,-0.7396353316481205,-0.4118998691238864,0.658318587791258,-1.239570914672353,-0.2693261569229441,-0.2551875553350332,-0.0117025117455975,1.0782255463000805,-0.380002350537273,-0.5850981613959241,-0.0274532833750583,-0.3223702932980303,-0.4709014997863624,-0.6452968838216846,-0.5241588861831313,1.028616886077239,-0.0663403741943506,-0.0117025117455975,0.026509842,0,8
-0.2721535876299802,-0.1723802523529468,-0.2499964496609221,-0.5843354310405436,-0.4310046029872271,-0.1892530269069167,-0.7119765202191501,0.2743777508884659,-1.0296919276674366,0.596727842601371,-0.4475859340112636,-0.1475556335659565,-0.1474334312878185,-0.4118998691238864,-0.4814322035988778,0.0013593649509772,-0.316170170660487,-0.2551875553350332,-0.0117025117455975,-0.9274497376096208,-0.380002350537273,1.7091149246037718,-0.0274532833750583,-0.3223702932980303,-0.4709014997863624,-0.6452968838216846,1.9078184618444467,-0.9721792569570068,-0.0663403741943506,-0.0117025117455975,0.050759193,0,8
-0.2748059750809359,-0.1723802523529468,-0.2499964496609221,-0.6802688253150189,-0.4310046029872271,-0.1892530269069167,-0.6757027536357813,0.2743371368355578,-1.0296919276674366,0.7078555230821868,-0.4475859340112636,0.3877752335960002,0.3879210412415695,-0.4118998691238864,-0.5333586030602868,0.6218245047626424,-0.3646396864520141,-0.2551875553350332,-0.0117025117455975,-0.9274497376096208,-0.380002350537273,1.7091149246037718,-0.0274532833750583,-0.3223702932980303,-0.4709014997863624,1.5496743050696815,-0.5241588861831313,-0.9721792569570068,-0.0663403741943506,-0.0117025117455975,0.16210723,0,8
-0.070357648486565,-0.1723802523529468,-0.0949826048537081,-0.5438368286462063,-0.1409509557776506,-0.1892530269069167,1.0441272044981933,-0.8979468863020661,0.9859570050084692,-0.5625161693484346,-0.1966760961728924,0.3418049929255831,0.3419487735174394,-0.4118998691238864,-0.3947064567528927,0.6218245047626424,0.1303995754431554,-0.2551875553350332,-0.0117025117455975,-0.9274497376096208,2.631562669510155,-0.5850981613959241,-0.0274532833750583,-0.3223702932980303,-0.4709014997863624,-0.6452968838216846,1.9078184618444467,-0.9721792569570068,-0.0663403741943506,-0.0117025117455975,0.06738937,0,8
-0.2689222438123466,-0.1723802523529468,-0.2499964496609221,-0.4653694776010605,-0.4310046029872271,-0.1892530269069167,-0.8560136016939438,0.4151866723206353,-1.0296919276674366,0.4856001621205537,-0.4475859340112636,-0.5172947735817862,-0.5171888749184578,-0.4118998691238864,-0.3357560415521084,-0.6191057748606879,-0.527189891850428,-0.2551875553350332,-0.0117025117455975,1.0782255463000805,-0.380002350537273,-0.5850981613959241,-0.0274532833750583,-0.3223702932980303,-0.4709014997863624,-0.6452968838216846,-0.5241588861831313,1.028616886077239,-0.0663403741943506,-0.0117025117455975,0.089200415,0,8
-0.2410277075431248,-0.1723802523529468,-0.2499964496609221,0.5177635197309941,-0.4310046029872271,-0.1892530269069167,-0.673586783918418,0.2751494178937183,-1.0296919276674366,0.2633450686676674,-0.4475859340112636,-0.7595035685119422,-0.7594083500240906,-0.4118998691238864,0.249578603395831,-1.239570914672353,-0.316170170660487,-0.2551875553350332,-0.0117025117455975,1.0782255463000805,-0.380002350537273,-0.5850981613959241,-0.0274532833750583,-0.3223702932980303,-0.4709014997863624,-0.6452968838216846,-0.5241588861831313,1.028616886077239,-0.0663403741943506,-0.0117025117455975,0.34655985,0,1
-0.2495097670838534,-0.1723802523529468,-0.2322841330246363,-0.0271560865262079,-0.0799842655998416,-0.1892530269069167,1.254212769293538,-0.8509970411403773,0.9982747802883366,-0.5625161693484346,-0.0992123448024007,0.3576227101455116,0.3577671882182154,-0.4118998691238864,-0.0084497373497126,-1.239570914672353,0.2264519695422182,-0.2551875553350332,-0.0117025117455975,-0.9274497376096208,-0.380002350537273,-0.5850981613959241,-0.0274532833750583,3.102022800455447,-0.4709014997863624,-0.6452968838216846,-0.5241588861831313,1.028616886077239,-0.0663403741943506,-0.0117025117455975,0.073088124,0,6
-0.262597319890837,-0.1008383717210331,-0.2377065878545168,-0.5912590208386447,-0.4310046029872271,-0.1892530269069167,-0.3853614802747332,0.9934089435723796,0.680296713792159,0.2633450686676674,-0.4475859340112636,0.029899381495117,0.0300294086365124,0.9970484888207234,-0.429698242924849,-1.239570914672353,-0.5721128577059896,-0.2551875553350332,-0.0117025117455975,-0.9274497376096208,-0.380002350537273,-0.5850981613959241,-0.0274532833750583,3.102022800455447,2.123586356071657,-0.6452968838216846,-0.5241588861831313,1.028616886077239,-0.0663403741943506,-0.0117025117455975,0.06557589,0,9
-0.2639575185836348,-0.0527490228478615,-0.2499964496609221,-0.1665032788994841,-0.4310046029872271,4.509154413890407,-0.3560401856198434,2.5159079449360195,-1.0296919276674366,0.596727842601371,-0.4475859340112636,0.2963290559182884,0.2964708312527083,0.9970484888207234,1.3595334558732743,-0.6191057748606879,-0.5721128577059896,-0.2551875553350332,-0.0117025117455975,1.0782255463000805,-0.380002350537273,-0.5850981613959241,-0.0274532833750583,-0.3223702932980303,2.123586356071657,-0.6452968838216846,-0.5241588861831313,1.028616886077239,-0.0663403741943506,-0.0117025117455975,0.045595467,0,8
-0.0848420207203832,-0.1723802523529468,-0.1376630730992145,-0.0099581072697027,-0.1658918744867544,-0.1892530269069167,1.2053943251000874,-0.8277658028769798,1.0099807455377448,-0.5625161693484346,-0.1935708489095104,-0.1050455185373983,-0.1049214417794828,-0.4118998691238864,0.0321548467874977,0.6218245047626424,-0.2315701773963125,-0.2551875553350332,-0.0117025117455975,1.0782255463000805,-0.380002350537273,-0.5850981613959241,-0.0274532833750583,-0.3223702932980303,-0.4709014997863624,-0.6452968838216846,1.9078184618444467,-0.9721792569570068,-0.0663403741943506,-0.0117025117455975,0.10457243,0,3
-0.2763248636212267,-0.1723802523529468,-0.2499964496609221,-0.7561309296242791,-0.4310046029872271,-0.1892530269069167,1.047452299768335,-1.8207387824256096,0.7321782043749112,3.576460943393417,-0.4475859340112636,-1.214262938584888,-1.2141877726714008,-0.4118998691238864,-0.5906091423058798,1.2422896445743077,-0.9705086338461022,-0.2551875553350332,-0.0117025117455975,-0.9274497376096208,-0.380002350537273,1.7091149246037718,-0.0274532833750583,-0.3223702932980303,-0.4709014997863624,-0.6452968838216846,1.9078184618444467,-0.9721792569570068,-0.0663403741943506,-0.0117025117455975,0.040626146,0,1
-0.2552801484613762,-0.1723802523529468,-0.2335737139727167,-0.207152667278535,-0.1055410094622565,-0.1892530269069167,1.1441823439906524,-0.8506315146642013,1.009613659519473,-0.5625161693484346,-0.1342489082647115,-0.0091506078915816,-0.0090223026560284,-0.4118998691238864,-0.1137779003091117,-1.239570914672353,-0.230905199283319,-0.2551875553350332,-0.0117025117455975,1.0782255463000805,-0.380002350537273,-0.5850981613959241,-0.0274532833750583,-0.3223702932980303,-0.4709014997863624,-0.6452968838216846,1.9078184618444467,-0.9721792569570068,-0.0663403741943506,-0.0117025117455975,0.11466664,0,2
-0.2321864160399394,-0.1451355529785839,-0.2207711272110505,0.2629435825641007,0.1481789537019588,-0.1892530269069167,1.0069465937502406,-0.8505909006112932,1.0096340531871546,-0.5625161693484346,0.091379529684049,-0.4312859361984247,-0.4311762449829882,2.405996846765333,0.3237316827996467,-0.6191057748606879,-0.0601535971579852,-0.2551875553350332,-0.0117025117455975,1.0782255463000805,-0.380002350537273,-0.5850981613959241,-0.0274532833750583,-0.3223702932980303,2.123586356071657,-0.6452968838216846,-0.5241588861831313,1.028616886077239,-0.0663403741943506,-0.0117025117455975,0.21999578,0,2
-0.2775455547557888,-0.1472832207220585,-0.2499964496609221,-0.778778146828352,-0.4310046029872271,-0.1892530269069167,-0.7222540874177712,0.342284447350702,-1.0296919276674366,0.2633450686676674,-0.4475859340112636,-0.8287060813491295,-0.8286139143399855,2.405996846765333,-0.60427229620987,-0.6191057748606879,-0.5721128577059896,-0.2551875553350332,-0.0117025117455975,1.0782255463000805,-0.380002350537273,-0.5850981613959241,-0.0274532833750583,-0.3223702932980303,2.123586356071657,-0.6452968838216846,-0.5241588861831313,1.028616886077239,-0.0663403741943506,-0.0117025117455975,0.16626981,0,7
-0.2559288586071721,-0.1723802523529468,-0.2388097233643205,-0.2523130697002688,-0.2093075477951941,-0.1892530269069167,5.691703547992325,-0.8505909006112932,1.0096340531871546,-0.5625161693484346,-0.2336754102639447,0.0748810148392887,0.0750130254418441,-0.4118998691238864,-0.2920724368168156,0.6218245047626424,-0.1208143783543932,-0.2551875553350332,-0.0117025117455975,1.0782255463000805,-0.380002350537273,-0.5850981613959241,-0.0274532833750583,-0.3223702932980303,-0.4709014997863624,-0.6452968838216846,-0.5241588861831313,1.028616886077239,-0.0663403741943506,-0.0117025117455975,0.16964142,0,6
-0.251005985645931,-0.1723802523529468,-0.2499964496609221,-0.2678817226219517,-0.4310046029872271,-0.1892530269069167,1.0110273924908693,-0.8979468863020661,0.9859570050084692,-0.5625161693484346,-0.4475859340112636,-0.0224968067958963,-0.0223690900598081,-0.4118998691238864,-0.1017825492290827,0.6218245047626424,1.246085076132269,-0.2551875553350332,-0.0117025117455975,-0.9274497376096208,-0.380002350537273,1.7091149246037718,-0.0274532833750583,-0.3223702932980303,-0.4709014997863624,1.5496743050696815,-0.5241588861831313,-0.9721792569570068,-0.0663403741943506,-0.0117025117455975,0.106106326,0,2
-0.2670824878881137,-0.1723802523529468,-0.2448847372281695,-0.4953800770586493,-0.3297013652675342,-0.1892530269069167,-0.7062331738434501,0.9699340209915336,0.6815203338530728,0.2633450686676674,-0.3202415014270955,-0.8287060813491295,-0.8286139143399855,-0.4118998691238864,-0.4429765192540789,0.6218245047626424,-0.5721128577059896,-0.2551875553350332,-0.0117025117455975,1.0782255463000805,-0.380002350537273,-0.5850981613959241,-0.0274532833750583,-0.3223702932980303,-0.4709014997863624,1.5496743050696815,-0.5241588861831313,-0.9721792569570068,-0.0663403741943506,-0.0117025117455975,0.1850796,0,8
-0.2751059163311425,-0.1723802523529468,-0.2477901786413146,-0.7211318271724141,-0.3872810171021317,-0.1892530269069167,1.0489637067093094,-0.827440890453715,1.0213400184365649,-0.5625161693484346,-0.4064560551642031,0.1277715067934248,0.1279058495975639,-0.4118998691238864,-0.5474387076702675,0.6218245047626424,-0.2315701773963125,-0.2551875553350332,-0.0117025117455975,-0.9274497376096208,-0.380002350537273,-0.5850981613959241,-0.0274532833750583,3.102022800455447,-0.4709014997863624,1.5496743050696815,-0.5241588861831313,-0.9721792569570068,-0.0663403741943506,-0.0117025117455975,0.013087021,0,9
-0.2698482252301358,-0.1723802523529468,-0.2445584577111852,-0.593340705127608,-0.3232352011577666,-0.1892530269069167,0.9061357507872946,-0.9211375105125562,0.9742102524236952,-0.5625161693484346,-0.3472805884469223,-0.3808669625599025,-0.3807550481242647,-0.4118998691238864,-0.4382617689632654,0.6218245047626424,-0.2315701773963125,-0.2551875553350332,-0.0117025117455975,1.0782255463000805,-0.380002350537273,-0.5850981613959241,-0.0274532833750583,-0.3223702932980303,-0.4709014997863624,1.5496743050696815,-0.5241588861831313,-0.9721792569570068,-0.0663403741943506,-0.0117025117455975,0.20856683,0,7
-0.256286346725151,-0.1723802523529468,-0.2499964496609221,0.1651965679734865,-0.4310046029872271,5.2922223206899615,-0.6560544634031231,1.986219466909381,-1.0296919276674366,0.596727842601371,-0.4475859340112636,0.7372479234237966,0.7374091410368395,-0.4118998691238864,0.0553757937980352,-0.6191057748606879,-0.368334009301978,-0.2551875553350332,-0.0117025117455975,1.0782255463000805,-0.380002350537273,-0.5850981613959241,-0.0274532833750583,-0.3223702932980303,-0.4709014997863624,-0.6452968838216846,-0.5241588861831313,1.028616886077239,-0.0663403741943506,-0.0117025117455975,0.24789588,0,4
-0.2453995256493351,-0.1723802523529468,-0.2263178789997821,0.0023895894785138,0.0382541638359092,-0.1892530269069167,-0.1030306637008458,-0.8278470309827913,1.0099807455377448,-0.5625161693484346,0.0031143409616891,0.5830251805294935,0.5831795977042735,-0.4118998691238864,-0.0107269296670444,0.0013593649509772,0.4518056633900193,3.91868639004402,-0.0117025117455975,-0.9274497376096208,-0.380002350537273,-0.5850981613959241,-0.0274532833750583,-0.3223702932980303,-0.4709014997863624,1.5496743050696815,-0.5241588861831313,-0.9721792569570068,-0.0663403741943506,-0.0117025117455975,0.7919684,1,1
-0.273417874876491,-0.1723802523529468,-0.2469822484087823,-0.6778017990651208,-0.3712695631160404,-0.1892530269069167,1.037930436040201,-0.8668771358274165,1.0264588290247216,-0.4143468204031627,-0.3907833449197748,0.2375069200066792,0.2376461015841976,-0.4118998691238864,-0.508309487569638,-0.6191057748606879,-0.216866772453456,-0.2551875553350332,-0.0117025117455975,-0.9274497376096208,-0.380002350537273,-0.5850981613959241,-0.0274532833750583,3.102022800455447,-0.4709014997863624,1.5496743050696815,-0.5241588861831313,-0.9721792569570068,-0.0663403741943506,-0.0117025117455975,0.047751363,0,4
